felix,know,what,go,make,even,clear,drop,t,know,heard,anoth,girl,commit,suicide,that,true,hope,one,leak,pr,what,go,im,scaredhahahahksk,felix,know,what,tiktoktalk,like,dark,skin,themselves,make,make,sen,what,go,tiktokdid,felix,see,bu,twtpriceless,shackl,rattling
one
liter,one
felix,would,honored,imaginetartistri,hashtag,helppp,felix,know,know,like,boy,grind,air,rlli,put,felix,know,what,goin,caption,lmao,felix,mean,know,what,go,manifestation
naya,come,home,aliv,safe,see,smile,again,reunit,time,delet,tiktok,guid,rumor,real,privaci,risks,bootleg,job
weve,hear,modjo,ladi,soooo,mani,videos,decid,make,know,what,go,know,abt,bu,relat,much,m,call,chan,felix,lurk,twt,tiktok,probabl,sit,talk,it,scroll,threaten,restrict,wechat,follow,backlash,v,post,ed,content,ill,kick,uther,also,shayla,covid,test,sampl,positive,explain,that,put,tiktok,gna,upload,smthingamazon,say,didnt,mean,ban,employe,use,info,lix,know,vid,two,recommend,me
those,bruh,girl,vid,local,love,doing
kpop,relat,vid
differ,star,race,land,realiti,show,save,photo,without,hesitatingfinallykeep,tiktoktiktok,app,call,fundament,parasitic,spywar,reddit,ceo,jared,sooo,felix,know,thing,surpris,nye,psa,maskwear,simpl,effect,bad,platform,ill,go,airbit,airbit,bad,platform,ill,go,traktrain,youtub,bad
anlut,girlth,excit,thing,though,favorit,crush,duet,today,ye,im,simp,hard,ngl,tri,hair,colour,filter,reason,actual,consid,creat,bc,deuka,think,get,updat,twt,give,upyes
eye,eye,tik,tok,defens,democraci,orient,fascist,nazi,scum
want,wechat,recip,saw,never,good,idea,still,a,top,white,hous,offici,say,expect,presid,trump,act,firmli,wechat,social,medi,littl,count,cant,stop,laugh,know,video,bu,probabl,see,twitter,sinc,get,popular,also,cant,use,taobao,who,gonna,upload,tiktok,even,though,open,wont,download,app,anw,dont,rlli,like,tiktokdid,see,bu,lmaoooowait,think,know,whag,mean,know,what,go,tiktok
think,one,video,stay,discus,twitter,potenti,subscript,program,trump,administr,saw,may,may,cri,follow,get,free,famou,iphoneandroid,via,tsk
hey,felix,well,drop,video,asap,mean,know,bu,felix,say,know,what,go,use,emoji,mean,saw,vid,sk,wonder,mango,dementia,nightmar,want,ban,knowww,come,saudi,tiktokoh,damn,stupid,fact,again
post,bt,merch,unbox,vid,someon,ask,im,richuhmmmno,im,rich,hit,differ,havent,slept,yet,felix,shi,drop,unam,who
witherspoon,proud,son,new,singl,danc,ontiktok,lol,tiktoklouderr,meme,realist,look,cake,subvert,peopl,put,knive,thing,thequietsailor,amp,justic,peac,video,self,masteri,radio,video
happen,brumilda,marshall,video,issues,ig,update
sorri,upload,photo,late,still,show,plea,look,forward,predictions
chan,twt,stay
felix,stay
seungmin,reddit,stay
jisung,youtub,stay
go,say,laugh,say,know,what,happen,king,transition,stray,kids,instagram,felix
sorri,upload,photo,late,still,show,plea,look,expect,trump,administr,take,action,tiktok,wechat,know,yall,start,read,fanfict,see,remind,like,ruin,na,sayo
check,rhemuellunio,video
ig,realstraykid
instagram,updat
capt,pict
oh,shit,joke,mock,pov,ed,instagram,updat
googl,similar,lot,place,gener,probabl,good,news,cant,hel,expect,trump,administr,take,action,tiktok,wechat
add,up,plea,find,naya,rivera
meant,bust,lmao,updat
stay,sorri,upload,photo,bit,late,plea,enjoy,it
sorri,upload,ig,update
sorri,upload,photo,late,still,show,plea,look,forward,og,video,share,would,like,see,hobi,lili,allen,smile,danc,danc,rightschan,see,plea,tell,felix,upload,madethi,prove,mina,vocal,isoml,im,freak,chan,show,felix,vid,mean,know,what,go,gener,gap,free,follow,get,free,famou,iphoneandroid,via,witherspoon,celebr,releas,son,first,singl,new,danc,may,absurd,sometim,realiz,happin,make,simpl,thing,like,get,dream,skincare,see,okay,realli,trust,stanswhat,felix,accountth,whole,ufre,follow,get,free,famou,iphoneandroid,via,wanna,cancel,mia,pl,kid,stop,ob,hype,someon,massiv,harass,th
others,stop,might,feel,uncomfortable
felix,im,dead,he,see,ig,update
sorri,upload,photo,late,still,show,plea,look,forward,sure,saw,bu,i,episod,watchedi,wonder,saw,video,twtfelix,boy,what,bumpin,today
would,post,usual,ethot,girlfriend,like,that,toxic,social,medium,shite,rite,therelmaooo,felix,drop,ur,dont,shi,reaction,rendit,fame,misogyni,speechit,alway,mcr,stan,youtub,mcr,stan,that,gonna,get,around,discus,mcr,stan,wattpadwait,lmao,meant,bu,tiktok,dont,shi,drop,ltd,khan,s,video,everi,one,say,i,hate,tiktok,download,one,time,skz,live,get,eye,nothing,want,yo,say,that
like,breadmat,mi,hamster,jisung,doesnt,even,know,phone,passwordal,comment,like,omg,cant,believ,open,yall,arent,liter,say,email,employe,ban,mistak,say,email,employe,ban,mistak,say,email,employe,ban,mistake,roughli,five,hour,intern,email,go,fr,say,email,employe,ban,mistak,start,say,hi,felix,point,akskdjd,creat,dc,get,addict,like,video,omggg,write,yesterday,chan,felix,watch,content,stray,kid,hahath,fact,felix,use,impli,know,bu,im,gonna,tbrow,theocean,helpbrowni,boy,hastag,caption
forget,book,deal,nonadversarial,hype,coverag,tiktok,realli,stay,night,watch,kinktok,videos,cant,believ,fell,rabbit,hole,right,befo,bu,thingtiktok,rli,love,put,wlw,say,faggot,fyp,huhh,know,bu,ahaha,yall,fyp,full,girl,ormanifestation
naya,come,home,aliv,safe,see,smile,again,reunit,instagram,updat
top,white,hous,offici,say,expect,presid,trump,act,firmli,wechat,social,medi,doesnt,care,to,long,dont,shoot,cam,talk,rona,in,side,felix,on,use,know,str,danc,curious,felix,vid,get,bad,thing,ive,see,someon,puppi,space,lick,water,bowl,middl,brain,constantli,recit,sound,hellfelix,sunshin,know,goe,that,terrifi,sentenceif,want,see,boomer,behaviour,watch,bt,page,check,nativewomanruns,video,y,shi,drop,ur,guy,talk,abotstray,kid,liter,everywhere,alway,know,what,go,twitter,felix,know,what,go,chew,strawberri,seed,smoothi,remind,nit,pop,video,see,say,hate,dont,mean,hate,plz,take,action,say,tiktok,feel,free,claim,nonceamazon,say,email,employe,ban,amistak,post,bt,merch,unbox,vid,someon,ask,im,richuhmmmno,im,rich,even,use,emoji,fact,he,straight,thothi,well,version,previou,clueless,propaganda,chinese,right,im,chine,dictat,what,go,yoooo,tell,im,activ,app,more,bro,aaaaaaaaaaaaahhhhhhhh,like,someth,would,enjoy,doingme,make,joke,hex,girl,reason,practic,witchcraft
witch,witchcraft,gimmi,sunshin,know,what,go,tiktoktiktok,total,ob,deaf,community,other,differ,abilities
seem,officialkingjayy,video,felix,stalk,stay,post,cute,pic,caption,someth,relat,neverend,saga,know,what,go,yall,im,scream,natalie,video,idea,thai,twt
song,stuck,head,this
want,cool,shirt,peopl,dont,fuck,printerfelix,sunshin,know,what,go,cognit,disson,trimp,approach,china,one,hand,tri,get,assist,trade,deal,dir,like,see,bt,somg,secret,account,follow,get,free,famou,iphoneandroid,via,bbi,cute,check,alex,harman,video,found,video,omggg,one,cutest,video,iv,ever,see,swear,alway,stan,like,thisif,see,respond
follow,get,free,famou,iphoneandroid,via,nah,man,full,babiesfelix,sunshin,know,what,go,ccp,technically,left,side,polit,spectrum,tiktok,so,stay,tiktokgod,sorri,felixsarah,cheung,post,make,someth,scratch,first,time,garment,makin,probabl,vlive,stay,learn,danc,ami,never,ship,drarri
id,like,stop,show,drarri,tiktok
caus,im,start,like,accept,scare,that,confirm,felix,kpop,probabl,deep,kpop,twtbut,know,talk,comment,saw,bu,peopl,believ,gonna,get,ban,energi,peopl,post,this,know,felix,stay,cours,saw,check,alex,harman,video,aint,bad,thisi,love,deletefacebook,post,update

mnl,brei,social,medium,accounts,colleagu,make,content,next,stand,up,content,hungri,ca,cant,let,straight,find,badflower,especi,promis,girlfriendcheck,kelvin,houston,anyon,mention,trump,provid,job,knew,dont,think,would,tri,ban,it,thoughthelp,know,emoji,found,aaa,stiiiickkkk,sing,song,whole,day,also,tiktok
right,business,saw,girl,cri,comment,mean,dont,realiz,yo,believ,help,children,he,guilti,part,body,choic,important,updat
stay,sorri,upload,photo,bit,late,plea,enjoy,it
sorri,upload,abl,tohow,ty,dy,dis,deer,recreat,recreat,moto,moto,scene,raphael,moto,motoyal,scare,confirm,felix,kpop,probabl,deep,kpop,twtbut,know,gondr,wordsmith,video,accept,saw,video,guy,say,dont,shame,addison,raenessa,say,word,go,tiktokmight,quit,soonsom,peopl,allow,tiktokthat,edit,d,yixuan,realli,god,girl,claim,go,school,felixdont,hate,forget,left,phone,full,volum,go,hav,vote,belong,mexols,will,tiktok,everyon,will,hshshshsh,one
cabinet,order,wayfair,come,child,notifi,time,delet,tiktok,guid,rumor,real,privaci,risks
naya,come,home,aliv,safe,see,smile,again,reunit,video,like
must,eliminated,overheard,young,girl,take,video,friend,dance,saying,saw,im,think,everytim,im,offic,bu,wanna,seeeeee,peopl,say,kind,content,felix,like,tiktok,user,get,readi,danc,infront,tweet
chan,know,what,go,twitter,felix,mah,know,what,go,realli,use,wbk,felix,stan,accwev,freak,bc,chan,watch,twitter,felix,liter,i,know,what,go,tiktok,lee,felix,saw,bu,oh,right,girl,video,felix,past,lmaoooooni,way,use,priv,acc,felix,bring,ig,nd,twt,myburgerlab,want,pay,least,rm,month,content,creator,via,say,felixsunshin,know,what,go,tiktok,take,willmanifestation
naya,come,home,aliv,safe,see,smile,again,reunit,one,im,readu,discov,pov,seem,bless,disguis,right,now,love,kids,duh,chine,spi,compani,collect,data,countri,citizen,governments,chanlix,twitter,scariest,shit,ever,agre,mani,mv,togeth,solo,also
soo,want,ki,inka,bhi,kch,aay,jaldi,ja,fine,georg,forc,make,loldo,anyon,tweet,wanna,part,popular,app,ban,india,could,next,would,major,blow,app,realli,never,makciknenek,rempit,side,ive,never,hate,much,life,white,boy,bad,part,ili,bae,realli,caption,clip,please,thank,you,interest,chine,communist,govern,medium,tools,love,pl,drop,saw,girl,said
what,watch,dag,race,realli,like,go,home,fat,bitch,coment,cue,mi,bodi,different,tiktok,liter,love,song,bc,sound,fill,fboys
happen,gal,definit,get,polic,involv,sorri,say,hate,th,alway,one,sided,bias,ik,ur,pl,drop,ur,sehun,like,day,never,use,somethingto,social,medium,team,wayfair,feel,pain
reddit,twitter,shock,know,ef,democrat,cheat,stack,deck,retweet,this
xan,video,go,allow,like,bad
credit,worldwidehandsomee,tiktok,acc,weight,size,insensit,littl,white,cunt
put,fyp,im,tri,eat,way,use,priv,acc,felix,bring,ig,nd,twt,free,follow,get,free,famou,iphoneandroid,via,swear,lix,alt,alt,that,found,too,man,alway,take,easy,way,stumbl,onto,straight,morn,truli,hell,earthcheck,chosen,ones,video,ban,use,taobao,alibaba,wechat
think,famili,mistress,follow,get,free,famou,iphoneandroid,via,hottest,guy,your,follow,a,girl,wait,medic,say,one,im,placebo,im,scared,rememb,for
girl,gays
who
queen,queers,goe,stay,tiktokwhi,simp,teacher,tiktokwait,mean,know,what,go,girl,vid,fult,felix,go,take,check,dezanek,weatheringto,video,know,go,use,emoji,ahsjhsakah,army,video,felix,say,knew,what,go,damnnwhi,feel,like,lix,one,post,cookingbak,vid,just,bc,lot,follow,ig,doesnt,mean,your,famou,stop,act,like,hollywood,bich,your,black,black,life,matter,hate,id,watch,sunshinechan,felix,alreadi,confirm,theyr,lurk,twt,tiktok,hyunjin,confirm,ill,quit,swear,covid,test,sampl,positive,explain,that
need,awwww,momentmiloves
felix,sunshin,know,what,go
omg,canti,wonder,see,video,like,kinda,blew,twt,post,tiktokcheck,lauren,brook,westgate,video,algorithm,hard,work,sent,dead,dad,comedi,hate,main,tiktok,liat,funni,momentsfelix,know,what,goin,i,twitter
felix,tiktok
seungmin,jeongin,yt
minho,hyunjin,probabl,ig
changbin,mi,expect,trump,administr,take,action,tiktokwechat
check,one,plz
felix,know,stalk,thought,trendfelix,sunshin,know,what,go,chan,stan,twt,felix,check,jt,odonnell,video,tf,christian,despis,good,stuff,ngla,person,rate,med,she,say,one,probabl,placebo,wait,umm,delet,commun,guidelin,violat,im,like,what,how,why,sha,allah,alhamdulillah,first,articl,get,publish,dailytim,newspaper
boy,use,probabl,know,abt,bu,tiktok,tt,engag,among,indian,app,yet,reach,level,realli,date,star,cathol,jacks,video,mom,mostli,kpop,song,lol,shall,we,hold,guy,materi,destroy,ittrump,eye,ban,need,know,twitter,stay,migrat,get,felix,attent,sadli,true,hi,gandu,ban,app,china,lose,billion,dollar,imagin,might,talk,abt,girl,felix,behind,insid,bu,bjafknalworpkcan,go,cancel,prick,racist,use,racial,slur,paki,irony,slap,violenc,essenti,format,contentyo,felix,go,mean,ppl,also,blew,viewerstiktok,fulllll,mean,full,drama,cancel,cheat,culture,yeahinterest,data,potenti,us,ban,app,tiktok
via,altgay,bc,like,yall,girl,support,girls,girl,wear,scrunchi,go,felix,knottedfelixsunshin,know,what,go,tiktokfre,follow,get,free,famou,iphoneandroid,via,amazon,say,email,employe,ban,mistak,weird,fav,page,human,anatomy,like,struggl,ap,dur,need,hype,cute
chine,best,bad,decis,everwhen,kpop,knew,go,chan,twitter,felix,watch,know,love,di,bishcheck,rhemuellunio,video
otw,na,sayo,straight,cishet,men,make,period,pov,imcan,instagram,reel,compet,tiktok,similar,function,promis,type,gro,use,steal,intellectu,property,expect,strong,action,trump,aide,long,time,now,the,ive,get,new,danc,learn,interest,thing,anymor,get,old,blessing,cant,bother,wast,time,tiktok,mean,know,predebut,bu,lix,shy,drop,app,everyth,order,food,enjoy,weekend,bingewatching,anyth,straight,plea,break,news,new,campaign,dont,make,ads,make,tiktoks,challeng,busi,recreat,say,email,employe,ban,mistak,saw,girl,cri,comment,mean,dont,realiz,wer,doomedhi,mutual,twt,felix,bc,man,easi,twtomg,felix,sunshin,know,what,go,challenge,hope,goe,viral,already,take,challen,solid,sterl,silver,crystal,leaf,tassel,drop,ear,woman
sale,price

kindli,visit,websit,felix,know,bu,pictur,behind,zoom,huawei,aliexpress,chat,none,evil,ccp,tht,spread
love,ur,layout
brought,oli,london,tl,aint,forget
multi,staycarat,twitter,bed,bed,scroll,endbroadcast,free,use,app,saw,comment,say,bryce,gener,version,jake,im,glad,alon,feel,felixknowswhatsgoingontiktok
drama,make,confusedhow,feel,put,cloth,ive,fold,dish,ive,wash,student,snuck,mate,law,lectur,nott,go,viral,yep
see,rn,quick,thread,tiktok,ban,india,entertain,vacuum,left,other,fill
stay,felix,sunshin,know,what,go,beauti,love,comment,whoever,actuallh,make,go,viral
threaten,restrict,wechat,follow,backlash,nye,face,mask,guy
like,one,free,follow,get,free,famou,iphoneandroid,via,find,profession,develop,opportunity
danni,move,mad,need,delet,account,sucros,tarot,read,know,much,life,like,way,much,dont,like,itsorri,salti,languag,truth,truth,btche,tri,make,alt,twitter,thing,go,back,tiktoki,get,attent,lmao,want
sad,thing,go,hendery,chicken,tendery,benderi,stuff,like,full,stay,sh,user,house,wonder,delet,thing,consid,sunshin,know,go,tiktok
liter,sent,rhe,time,groupchatroughli,five,hour,intern,email,go,friday,amazon,employe,tell,delet,popular
power,demonstration,use,humor,knowledg,science,bill,nye,explain,mask,importantcheck,cathol,jacks,video
midst,big,launch,autom,ad,platform,face,scrutini,go,blake,video,go,googl,search,show,check,broski,james,video,hell,go,bruh
felix,upload,insta,look,hashtagslook,hashtags
felix,sunshin,know,what,go,sorri,brought,ur,tl,would,rate,could,choos,ur,categorythi,btw,me,afraid,hit,themif,chan,twitter,felix,would,instagramfelixsunshin,know,what,go,tf,peopl,suppos,tiktok,wait,fan,start,ormanifestation
naya,come,home,aliv,safe,see,smile,again,reunit,know,what,go,yall,alt,realli,fuck,superior,complex,bc,theyr,not,like,girls,like,yall,give,tumblr,threaten,restrict,wechat,follow,backlash,alright,new,challeng,people,s,govern,consid,ban
bad,someon,need,video,emoji,instruct,step,motherfuck,lake,tastehylt,best,song,fuck,likeanjir,lorh,setan,white,peopl,click,bait,breonna,taylor,death,wtf,wrong,alldonald,trump,expect,take,action,wechat,new,swipe,china,via,govt,do,good,job,ban,app,app,still,use,even,though,govt,india,ha,look,like,advanc,choreo,pando,video,yey,oomf,told,confirm,felix,tiktoklow,key,wanna,start,post,star,war,relat,content,im,also,insecur
love,he,funnycheck,braddydaddy,realli,hope,peopl,address,portland,polic,viciou,behaviour,toward,red,cross,su,learn,like,kid,learn,tiktok
witherspoon,celebr,releas,son,first,singl,new,danc,rib,hurt,laughing
realiz,know,use,creat,vid,donnie,sarah,own,you,saw,vid,girl,saw,felix,bu,use,hashtag,what,go,tiktok,know,what,goig,help,mejvjdjnsbdiv,use,month,now,months,peopl,app,make,feel,valid,ac,end,tiktok,felix,fault,fr,could,start,tiktoki,saw,show,late,live,i,think,san,tri,interact,woo,told,yall,quit,read,peopl,live,follow,get,free,famou,iphoneandroid,via,love,muchdont,shi,felix,reveal,yr,acc,follow,get,free,famou,iphoneandroid,via,tri,trend,felix,sunshin,saw,use,say,freckl,beauti,wonder,one,sibl,go,surpris,clean,room,videofelix,use,hashtags,know,what,go,mean,video,cathol,jacks,video,go,leav,yall,still,support,tiktok,threat,nation,secur,th,follow,get,free,famou,iphoneandroid,via,emoji,check,song,kimigasuki,beke,nemen,say,email,employe,ban,mistak,thot,oomf
n,alreadi,mister,lee,felixcan,someon,report,person,tiktokwhi,girl,ob,hisoka,lolpeopl,polic,art,bad,ways,say,rotoscop,art,vector,art,art,painti,note,give,notif,song,thingi,sarahjan,sj,video,probabl,tiktok,kids,may,call,covid,parti,number,insta,stori,know,what,go,princesstal,video,happen,idea,use,tiktok,lowkey,toxic,girl,perfect,danc,guy,gorgeou,never,know,um,ishaan,jealou,also,ew
wont,date,tiktokwhat,drug,take,make,sirfelix,sunshin,know,what,go,manifestation
naya,come,home,aliv,safe,see,smile,again,reunit,know,what,go,tiktokdo,think,felix,collect,panick,like,rest,glitch,nahtw,lesbophobia,homophobia
hold,wasnt,person,want,bulli,someon,post,say,anglo,girl,cant,dance,felix,sunshin,know,what,go,tiktok
say,go,happen,want,say,found,perfect,video,bc,welcom,messag,alway,cat,give,high,five,hn,ask,orig,audio,skztalker,go,usa,owner,saw,make,ur,lip,look,big,natur,fcken,tri,it,look,like,fcking,duck,uninstal,almost,month,nowshould,go,back,whatgreat
think,much,stuff,stray,kid,probabl,see,realli,need,get,djndncomg,dutch,peopl,are,let,chang,locat,pleaseeee
felix,drop,video,el,isnt,alt,chan,twitter,felix,would,instagrami,hate,woman,keep,compliment,men,decent,human,being,man,could,say,someth,like,cuddy,video,cutiewarning
use,need,read,this,app,way,wors,facebook,instagram,twitt,im,scroll,trough,find,moot,ed,twt,im,like,yes,brilliant,sugar,top,sugar,lolim,lowkey,happi,yall,post,video,caus,im,download,tiktokchan,watch,twt
felix,watch,tiktok
mom,ask,what,tiktok,today,ador,understand,noth,internet
told,realli,write,felix,know,what,go,help,question,go,im,cur,platformdeacon,phillipp,releas,first,single,rees,witherspoon,joke,make,danc,felix,know,bu,oh,didnt,know,ion,acccheck,beatsbydre,video,come,say,eye,tell,minut,appar,felix,saw,relat,fult,lmfoaoaooo,im,cryinglil,huddi,nessa,barrett,kiss,chase,hudson,charli,damelio,bryce,hall,drama,promo,gc,nick,austin,hype,hous,sw,im,one,pussi,im,gonna,record,tmr,promot,graci
call,faves
nadia,video,need,now,shmoke,chamomil,bc,say,regret,nothingo,hype,faz,com,think,that,beauti,mock,best,teen,winning,felix,straight,tiktoki,talk,abt,bu,tiktok,fult,redownload,see,wtf,go,ngl,itll,dampen,alreadi,low,product,like,need,knowimagin,eska,gossip,videothi,jump,onto,big,name,shit,im,paranoid,know,real,shadi,shit,goin,down
say,email,employe,ban,amistak,want,second,back,steppin,monday,like


emmanuel,video,get,go,snap,snap,full,fmlthe,one,thing,put,everyon,still,stan,pwdep,im,wait,realis,technic,know,what,go,prob,miss,probabl,saw,one,himfre,follow,get,free,famou,iphoneandroid,via,check,drewblaze,video,mean,felix,activ,tiktok,uh,oh,elys,spence,video,who,gonna,deactiv,byeyal,saw,i,plz,theyll,anyth,bring,get,noth,left,sayshe,cute
charli,best,dancer,tiktok
cannot,real,felix,unreal,watch,loti,wish,kid
maintnight,video,new,workout,know,video,show,face,daddi,materi,kinda,thing,hotwhat,go,tiktok,dont,one,check,big,boobi,baddie,video,would,say,one,keep,talk,abt,stay,caus,that,mean,alway,therewawancara,gift,graduat
gmmtv,new,next
cr,mimichan,thegiftedintls,thegifted,id,feel,app,bet,laugh,hard,saw,tiktokshould,delet,tiktok,here,everyth,need,weigh,real,privaci,risk,washington,post,want,shut,big,boobi,baddie,video,get,talent,howi,mandel,deni,kidnappingclaim,cathol,jacks,video,idci,think,jisung,bed,bc,forgot,passwordcheck,david,gunn,video,hsjskskaka,laugh,non,stop,first,time,watch,that,that,world,dominationbut,lixi,skz,fypdo,mean,see,staysyearold,shot,four,time,record,jul,et,yeah,absolutely,mainli,use,instagram,growth,share,clip,stream,rallythi,win,everyth,emot,support,audio,btwtiktok,tarot,card,love,read,know,way,much,like,way,way,much,hate,it,jin,zh
folk,art,popular,china,here,paper,ball,kid,decoration,ch,one,fav,sound,lol,fr,talk,abt,bu,tiktokgirlgroup,star,rede,sociai,da,nossa,super,stars,instagram,twitter,tiktok
mildmeow
mildmeoww,get,banned,question,china
plea,stop,tri,steal,inform,tiktok
im,least,interest,person,app,honestli,feel,like,word,come,year,never,fuck,heard,becam,dont,shi,drop,ur,usernameif,move,viral,felix,straight,tiktokomg,mv,leak
amazon,say,email,employe,ban,sent,error,relentless,pursuit,growth,come,expens,responsibilityamid,rapid,growth,human,right,use,vpn,connect,even,upload,videos,problem
naya,come,home,aliv,safe,see,smile,again,reunit,kpop,deep,careerad,straight,male,thank,you,content,disturb,grossthi,articl,good,bit,abt,student,make,content,pandemic,tiktok,juggling,again,no,opinion,racism,feel,like,sero,speak,spanish,jfjdjd,one,fellow,cosplay,friend,amaz,latino,sero,cosplay,ahahahcheck,kim,video,oo,plea,felix,tiktok,give,boy,creativ,outlettiktok,auspol,atm,tbh
delet,app,monday,requir,perfect,cup,coffe,lucki,make,it
stay,tune,open,day,deets
take,platform,away,pl,kpop,peopl,fuck,again
regist,racist,vote,democraci,eshta,that,egyptian,version,one,modern,australian,politician,unwaveringli,respect,pretend,find,video,funny,good,herwhen,kpop,boy,use,hashtag,emoji,ig,post,check,comment,love,gillard,footage,see,today,make,smile,love,fact,sehun,reviv,account,like,point,post,tag,drag,this
mean,doesnt,watch,tri,get,peopl,shoutout,hot,dad,tiktokmanifestation
naya,come,home,aliv,safe,see,smile,again,reunit,uk,base,dancer,star,global,boga,lose,girlfriend,son,make,new,challeng,like,question,nadin,album
expect,releas,album
alrea,good,stat,tiktok,start,last,month,that,cold,like,ityo,disclaim,batch,maktab,full,credit,owner,btw,guysz,geez,relax,talk,toy,market,new,futur,look,like,promot,toy,social,felix,sunshin,know,what,go,tiktokdelet,check,toshia,s,video,what,go,showdown,sinoamerican,tech,split,spend,day,watch,cute,doggi,video,never,get,tire,mil,name,emili,challeng,tell,facebook,wawancara,gift,graduat
gmmtv,new,next
cr,mimichan,thegiftedintls,thegifted,id,andrew,carter,video,jone,bring,indigen,style,danc,vogu,oasi,inoffens,fun,ventur,warili,polit,thismorn,julia,could,great,parliamentari,danc,babi,get,omgnavarro,expect,trump,administr,take,action,tiktok,wechat,via,iv,tri,stay,away,amber,hate,aw,see,questiony,ive,join,post,movi,come,year,ago,noth,top,yet,in,julia,gillard,tiktok,joe,could,shit,middl,time,squar,suck,pacifi,call,mo
im,actual,cryingw,knew,chan,lurk,bird,appwhi,surpris,lix,saw,lmaofelixsunshine
knows
whats
going
on
tiktokim,uncomfort,rn,the
saw,there,place,stay,safe
rt,stan,kpop,anitwt,exo,nct,ateez,agust,trump,look,moot,rtlike,promo,repli,gc,gain,mutual,bt,nsfw,follow,get,free,famou,iphoneandroid,via,nails,video,start,end,felix,account,taehyung,wattpad,account,ok,there,safe,place,anymoreno,stream,today,work,content,offline
meantim,go,check,channel,shayla,s,video,see,one,abt,soulmates,set,fire,yes,banner,ig,twitter,plea,guyth,main,thing,inspir,saw,dumb,ppl,say,autist,peopl,nowfelix,sunshin,know,what,go,slow,walk,place,tiktokso,annoying,addictingim,simpl,stay,simpl,dream
dream,know,felix,twitter,stan,account,accoun,never,use,safe,ppl,busi,question,hard,work,kids,someon,question,gen,becom,issue,kid,argu,learn,new,thing,everyday,thank,hahahalmao,stay,must,deaf,soemth,what,that,queen,behaviourcheck,warmong,s,video,know,what,go,talk,bu,video,whataudhsjkakdjsk,bet,he,talk,predebut,background,one,girl,photoi,cant,stop,think,fact,french,presid,mi,president,check,elys,spence,video,thi,part,programthi,exactli,happen,laundri,hous,lolit,good,thing,uninstal,alrdi,check,jeremiah,choka,racist,son,bitch,chief,polic,conspir,white,supremaci,group,video,watch,magnific,meta,btw,scary
happen,one,audio,start,glitchcor,pompeo,say,look,ban,chine,social,medium,apps,includ,time,india,brilliant,check,minorfauna,video,felix,watch,yall
twitter,helli,send,gay,panic,nice,scheme,sure,make,delet,cathol,jacks,video,gift,graduat
gmmtv,new,next
cr,mimichan,thegiftedintls,thegifted,id,yeah,person,im,go,youtub,rout,build,tri,bring,peopl,across,youtub,sandi,chavez,dont,know,anybodi,worri,kid,hear,bad,word
fire,do,lifealway,knew,voic,would,perfect,fit,song,usual,nail,left,mesmer,win,everyth,trump,aid,warn,strong,actions,tiktok,wechat,feel,felix,hint,st,dometh,eoth,tiktok,it
someon,need,abbott,squirm,seat,misogyni,speech,gillard,clip,could,improv,get,nyadol,it,michelle,video,ironi,peopl,post,twitter,facebook,spi,youcheck,anthoni,hyland,video,read,navarro,expect,trump,administr,take,action,tiktok,wechat,suddent,interest,car,repair,pablomof,decid,check,today,say,is,never,let,anyon,dim,light,sweeery,cute,couplei,would,never,im,million,year,learn,danc,learn,one,give,two,hour,carecheck,cathol,jacks,video,check,antoinett,scott,video
naya,come,home,aliv,safe,see,smile,again,reunit,busi,timesyearold,shot,four,time,record,video,schoolboy,two,oth,daya,s,video,minorfauna,video,leigh,strohmetz,s,video,so,mayb,buy,billion,penni,stock,great,idea,wtfdik,get,research,tiktok
cydi,say,email,employe,ban,mistak,see,say,thyung,lose,weight,comment,ab,depress,suicid,yea,im,gonna,snap,pl,drop,acci,genuin,hope,whole,entir,lix,doesnt,check,tag,skz,kpop,might,racism,aside,drop,ball,lot,disassoci,china,good,pr,move,your,tri,get,someon,log,onto,stop,see,post,fyp,tarot,rea,follow,get,free,famou,iphoneandroid,via,that,import,me,make,think,someth,el,anxieti,depr,watch,jenni,fyp,full,jenni,eye,bless,liter,real,life,get,words,gunna,learn,make,real,quick,mak,felix,know,what,go,dhddhhdnx,even,use,i,stage,shot,becom,busi,mode,chine,tiktokpetit,let,talk,felix,delet,influenc,stay,disintegr,articl,fb,twitter,ipr,laugh,china,defend,tiktoksound,felix,must,use,thread,tarot,card,love,read,fyp,almost,toooo,accur,feel,like,china,know,much,mewho,send,romeo,juliet,challeng,tiktok,bt,yall,bt,deactivatedso,time,air,videos,time,talk,australian,arbitrari,detentionmak,one,goe,viral,god,complex,confirm,allim,abt,pas,away,felix,know,abt,bu,use,that,import,me,make,think,someth,el,anxieti,depr,right,reason,get,ad,hallucin,oleg,video,collin,offer,deal,creat,videos,huge,career,boost
follow,get,free,famou,iphoneandroid,via,great,american,warn,about,showcas,take,game,next,level,becom,pro,dancer,brit,use,fit,tech,lockdown,show,wer,quit,healthi,bunch,yet,ge,havent,see,tiktoknew,video,bbc,click,tiktok,virtual,realiti,virgin,orbit,bbc,click,sweet,ironi,advertis,app,privaci,shitshow,tiktok,updat,so,actual,wo
top,articl,nonbl,friend,thought,liter,real,life,celebr,coupl,hnnnnngg,power,hold,felix,know,go,sort,mildli,omin,without,context,fhdbbdbdi,think,prefer,origin,misogyni,speech,gillard,give,parliament
rather,version
maintnight,video,skz,everywhere,chan,twitter,felix,tiktok,becom,spi,stays,happi,scare,hahaha,congratul,mil,tiktok,well,deserv,s,video,im,hungri,sum,like,know,what,go,omfglov,creat,video,tiktok,now,time,flex,move,prepar,danc,out,watch,possibl,monument,danger,tiktok,imagin,limitedlov,thisfox,news,large,stockhold,saudi,princ,scottish,businessman,so,fox,ban,gift,graduat
gmmtv,new,next
cr,mimichan,thegiftedintls,thegifted,id,follow,get,free,famou,iphoneandroid,via,kinda,like,instagram,app,kpopchan,watch,twt
minho,twt,too
hyunjin,instagram
felix,tiktok
elseim,watch,dante,tiktoktiktok,privaci,threat,sure,smartphon,app,know,helpi,scare,felix,actual,stay,scari,felix,plea,come,herefelix,sunshin,know,what,go,must,see,perri,kiely,video,know,what,go,uhmm,okay,felix,what,thattiktok,freak,tf,out,mani,young,girl,go,labour,without,even,know,theyr,pregnant,nah,ultim,fear,one,mani,level,insan,come,userschan,lurk,twitter,felix,lurk,tiktok,safe,anymor,advertis,next,level,bt,that,false,australian,strateg,polici,institu,aspi,rais,red,flag,far,earli,straight,man,tiktok
oh,your,period
stick,finger,cooch,lift,it
betterdo,everyth,power,get,amish,tiktoki,still,download,tik,tok,lowkey,feel,like,im,miss,out,showcas,take,game,next,level,becom,pro,dancer,bu,say,know,happen,tiktok,felix,sweeti,cancelled,brit,use,fit,tech,lockdown,show,wer,quit,healthi,bunch,yet,ge,rcdubs,video,dont,like,hope,danc,trend,bet,get,enough,materi,next,video,lol
definit,lead,miss,love,misogyni,speech,im,go,practic,scaredgo,version,speech,toocheck,cuddy,video,know,bu,hahaahsh,misogyni,speech,make,kya,yeh,actress,hai,look,like,even,fail,lifetiktok,realli,wonder,nichole,let,without,sin,cast,first,stone,video,fuck,minute,saw,bu,apn,sab,jant,hain,ullu,chine,mass,hong,rest,worldtiktok,come,back,india,he,youtub,stayhow,suppos,grow,dont,even,put,pagecheck,cathol,jacks,video,bu,saw,ittttsam,appli,well,afraid,google,twitter,facebook,etc,even,one,percent,pm,care,funds
shock,much,earn,presid,donald,trump,aid,peter,navarro,warn,strong,action,tiktokwechat,say,mine,data,mean,data,bundl
uot,must,take,part,ever,know,what,go,sorry,use,watch,video,ban,th,heaven,cm,wide,smile,increas,follow,tik,tok,get,follow,find,funni,peopl,sent,old,ladi,make,bevdont,miss,out,egyptian,straight,girl,say,slur,think,felix,saw,check,hailey,mello,video,forgot,still,oh,god,im,sorrytw,stays
felix,know,abt,bu,thing,mean,saw,this,think,felix,would,learn,straight,danc,end,watch,bu,go,mean,true,atleast,good,song,unlik,anoth,songmi,tast,music,defin,musicals,old,songs,random,gay,shit,music,rec,friends,songsb,attack,say,bwl,soti,love,mei,miss,song,app,i,delet,account,greet,me,aight,time,get,app,mayb,tiktokfelix,sunshin,know,what,go,fuck,im,start,post,noth,good,say,surveil,tech,douyin,strong,stanc,asmr,sign,free
start,post,video,make,cheer,squad,beer,squadon,hand,check,princ,daniel,wych,s,video,goe,content,know,someon,age,find,funni,honestli,camera,roll,full,one,direct,video,felix,saw,im,scream,felixsunshin,know,what,go,on,tiktok,check,nibbl,nuance,video,email,far,cri,new,mission,tomar,favourit,accounts
lurk,twitter,felix,lurk,tiktok
safe,anymor,plea,magic,im,readi,parti,nowno,hate,avani,hehe,sayin,dont,want,straight,get,one,direct,still,list,privaci,threat,sure,smartphon,app,sydni,dupre,video,fysoi,therapi,would,help,queen,cant,afford,it,ty,im,use,tweet,nowwawancara,gift,graduat
gmmtv,new,next
cr,mimichan,thegiftedintls,thegifted,id
naya,come,home,aliv,safe,see,smile,again,reunit,miss,out,he,nice,lol,link,read,continu,effort,distanc,china,love,tl,debat,whether,felix,alt,becaus,straight,becaus,danc,knows,look,eye,tell,he,oomfon,french
tiktok
first,tri,we,love,self,promot
also,normalis,pimpl,thank,frfr,im,scared,know,talk,abt,twitter,reason,sensual,walk,thermostat,turn,thermostat,sensibl,yeah,new,hear,forc,tiktok,least,set,thing,straight,need,see,final,ur,cancelled,cant,stand,irrelev,rat,unlikely,kid,dont,vote,isnt,go,chang,that,legitim,know,what,twt,felix,know,what,tiktokcan,buy,follow,benefit,provide,tell,employe,delet,walk,back,call,simp,get,sponsor,post,song,playlist,look,main,pop,girli,tire,speech,twist,girl,old,class,realli,post,bra,smhfelix,know,video,helptop,trump,aid,warn,strong,actions,tiktok,wechat,sound,playlist,type,afternooneveri,model,studio,like
stay,differ,breedforward,planning
make,lil,video,bae,cant,stop,look,punch,mu,pillow,ehen,saw,im,angryyyyyyyyyyuyyu,hate,cishet,whitevboy,mf,sent,gcwhat,felix,realli,saw,imagin,react,like,get,know,everyon,crush,amir,rimer,video,sweeti,get,stay,pl,ccp,control,app,highlight,secur,reason,mani,countries,spok,ruin,good,music,no,too
wait,ill,send,dm,lmaother,nctzenthat,desper,want,make,fun,oftop,trump,aid,warn,strong,action,tiktokwechat,brett,thomas,video,side,think,felix,in,straight,him,search,ig,too,follow,win,twitter,pesen,lose,bbi,girlcheck,new,account,do,addison,mili,never,attack,video,start,debut,tiktok,jkcodicito,readycheck,datocalvin,khiumk,video,know,what,goin,tiktok,im,scare,help,copi,helpwait,wait,noticed,show,host,request,parent,keep,child,away,video,make,app,say,fold,cloth,wash,actual,thing,hmm,mother,house,merri,vote,nanci,page,fb,fcking,useless,especi,page,like,fan,page,cant,get,itwhen,kpop,boy,part,straight,tiktokcheck,anonymous,polic,conspir,yet,anoth,lynch,young,black,man,video,think,bu,fult,start,girl,post,anoth,vid,appar,one,mean,nothingnot,favorit,therapist,middl,eastern,wanna,cryfelix,know,vid,him,tiktok,boi,liter,put,hashtag,im,dyingw,perish,post,pictur,ig,drop,prove,itwawancara,gift,graduat
gmmtv,new,next
cr,mimichan,thegiftedintls,thegifted,id,make,video
other,afraid,get,caught,parents,family,teachers,fri,sha,allah,alhamdulillah,first,articl,get,publish,dailytim,newspaper
reef,shaw,video,yt,stayim,dead,girl,he,white,stay,pleasetop,presid,donald,trump,aid,peter,navarro,warn,strong,action,tiktokwechat,want,trend,hashtag,dont,shy,drop,ur,id,get,know,realli,much,skip,jihyo,fuck,tiktokcheck,im,catch,rings,video,love,funni,video,thank,share,here,old,fw,tiktok,true,ban,mani,countries,presid,donald,trump,aid,peter,navarro,warn,strong,action,tiktokwechat,donald,trump,top,adviser,peter,navarro,warn,strong,action,tiktokwechat,curb,stomp,racist,s,video,make,want,see,cant,post,bc,idw,expo,anyon,realli,funnycan,someon,help,tiktok,keep,get,video,that,it,remov,get,content,girl,actual,take,piss,post,tiktokcheck,dukey,duke,video,makeup,artist,beauti,crazi,sweet,omg,sunshin,know,what,go,tiktok
salah,emot,fak,look,thissmal,streamer,beginn,mistak
kpop,boy,knew,go,lesbian,make,ear,everyth,like,ok,ur,funni,mini,babi,ur,ear,ju,person,shock,didnt,moan,song,hate,stay,listening,phone,listening,instagram,listens,app,listen,yo,navaraj,dahal,video,covid,vaccin,trial,succeed,russia,fargo,tell,employees,delet,compani,phone,via,realli,low,budget,nake,danc,thi,song,amaz,wont,told,otherwise,learn,sleep,loss,may,trigger,hypoman,episod,look,craft,accomplished,also,one,jack,appear,world,confer,via,wimi,enabl,image,nicki,give,careerthi,becom,big,trend,now,smash,bruva,join,fun,tap,here,love,much,toni,big,fan,make,also,pl,pl,stan,think,twitter,gen,facebook,liter,spawn,meme,bad,bee,cult,video,what,go,tiktok,account,immedi,issu,injunct,forbid,wechat,weibo,baiduand,uswhat,yoy,mean,felix,know,what,go,tiktok,soo,ban,india,think,shift,headquart,huh
felix,manifest,skz,side,tiktok,rightr,pill,abus,appear,skyrocket,millenni,populationcheck,camycamo,video,ik,greec,sound,good,slow,reverb,it,mf,gonna,run,ughhhhhhhhhhhhi,hey,mama,continu,playinh,head,bad,too,antisemit,ignor,like,peopl,activ,dont,think,real,found,creativ,humor,way,bring,back,hunger,games,trump,aid,warn,strong,action,tiktokwechat,trump,aid,warn,strong,action,tiktok,anger,china,via,stay,reall,twdid,see,someon,go,eastbourn,go,visit,icon,place,angu,thong,think,abil,open,sing,keshapremium,qualiti,put,softwar,develop,hat
realiz,may,come,across,fogeyish,implor,you,plea,stay,th,gedi,medium,pimp,anchors
name,dog,palu,nakar
china,taught,lesson,stop,tiktok,remind,yall,instagram,accounttiktok,frat,house,lie,told,fr,what,go,tiktoki,miss,mina,fun
sunshin,know,what,go,parent,born,dont,even,realli,understand,lot,play,chan,activ,twitter,ofc,would,know,check,newskar,video,joke,anymor,swell,much,cant,fuck,feel,lip,good,fuck,bye,cannot,handl,boycheck,linqy,video,presid,donald,trump,aid,peter,navarro,warn,strong,action,tiktokwechat
naya,come,home,aliv,safe,see,smile,again,reunit,bcs,alway,felixsunshin,know,what,go,tiktok,learnt,danc,never,tiktok,hate,mcgriddl,make,feel,fat,cancel,german,tiktoki,repost,watermark,probabl,do,earlier,bans,unban,app,employe,mobil,devices
show,world,eat,vegan,leav,feelin,good,hell,via,what,ur,tiktokva,bene
top,white,hous,advis,expect,tough,action,tiktok,wechat,voa,asia,via,transit,like,yeah,funny,good,games,likable,wore,berni,know,talk,about
bt,your,eye,tell
bangtan,deactivating
felix,know,colleg,hostel,room,hate,fold,laundri,heck,clean,need,fold,gonna,say,email,employe,ban,mistak,jul,newslett,featur,young,canadian,creator,make,wave,nation,go,exactli,stay,full,cring,peopl,istg,know,what,go,chang,usernam,pattyfarrel,put,spell,pattyfarreii,cang,chang,back,fuckpl,want,die,tiktokrt,like,dm,stream,parti,drop,fancam,edit,go,bt,kpop,yoongi,leak,drama,chase,pov,ruin,life,helpso,felix,saw,bu,huhcheck,discovernewmusic,video,heart,ach,everi,time,watch,love,you,sagad
what,armi,ban,apps,instagram,launch,rival,dell,new,premium,laptop,via,user,video,like,dm,stream,parti,drop,fancam,edit,go,bt,kpop,yoongi,leak,drama,chase,cook,grandpa,alt,tr,side,know,told,medont,tell,felix,know,thingy,loool,addict,tatata,song,hhhiv,told,peopl,like,watch,teenybopp,shit,danc,routin,muchfelix,may,love,itll,still,never,enough,download,itnot,cri,felix,sunshin,know,what,go,tiktok,uhmm,drop,account,like,dm,stream,parti,drop,fancam,edit,go,bt,kpop,yoongi,leak,drama,chase,imma,keep,say,special,nglmi,friend,keep,roast,addict,tbh,fairwhat,captionsomeon,get,felix,straight,say,alreadi,good,nicki,give,clout,henc,give,careercheck,abdelrahman,ragi,video,found,smart,board,never,scare,lifethi,as,late,tech,news,week,hindi,agm,unpack,event,make,want,parrot,felix,boy,sow,civil,war,instead,tri,unit,us,putin,roadmap,work,reco,sunshin,know,what,go,silver,video,need,stop,simp,girl,pppp,felix,shi,drop,oomf,exo,bt,gain,mutual,rt,trick,anim,cross,ateez,vmin,gc,fancam,vminkook,fic,au,think,felix,fought,shayla,tiktoki,saw,tiktok,fell,inlov,hahahhatop,presid,donald,trump,aid,peter,navarro,warn,strong,action,tiktokwechat,one
soul
book,tiktok,court,mist,fury
say,email,employe,ban,mistak,via,yassss,love,hshshshshahahj,thank,share,cutest,rt,like,dm,stream,parti,drop,fancam,edit,go,bt,kpop,yoongi,leak,drama,chase,tom,tiktok,make,realli,angry,bitter,old,woman,hasnt,even,hit,mid,lotdo,think,felix,straight,alt,never,laugh,god,damn,hard,comment,section,im,breath,yall,posted
pando,video,like,dm,stream,parti,drop,fancam,edit,go,bt,kpop,yoongi,leak,drama,chase,also,video,post,april
understand,pe,use,struggl,w,especi,young,go,lot,honestli,ive,learn,easy,way,account,gs,ngl,love,grabbz,make,fun,jankos
tha,tech,al,utility,tiktok,youtube,influencer,signal,pinterest,ig,everyon,come,twitter,rt,like,dm,stream,parti,drop,fancam,edit,go,bt,kpop,yoongi,leak,drama,chase,dont,start,say,googl,fund,pm,carespleas,read,carefullyit,investmentdo,un,indian,market,youtub,could,fasttrack,project,lamooo,popular,kid,go,blast,that,case,awww,what,littl,babi,bunker,bitch,boy,still,tri,get,take,yearold,niec,get,redpil,constantli,check,s,video,like,love,miranda,cooper,haha
gotta,challeng
thank,akanensan,choreo,inspired,see,this,washington,poster,tiktokh,knowscheck,soup,video,zalofficial,video,time,think,wanna,get,tiktok,shit,like,remind,felixsunshin,know,what,go,on,tiktok
threaten,restrict,wechat,follow,backlash,say,email,employe,ban,amistak,essay,due,wait,till,last,minute,dm,email,qualityassignmentcom
read,lix,post,properli,earlier,caus,need,shower,what,happen,tiktok,roommat,would,like,play,comput,game,watch,without,sleepingcan,ppl,stop,like,one,comment,make,monthsbold,assum,doesnt,spend,day,would,actual,one,teach,usfre,follow,get,free,famou,iphoneandroid,via,scream,felix,know,what,go,one,girl,bussshdjdbdjd,dnomg,hashahahshahaha,liberalsnowstorm,video,post,ig
felix,know,go
lol,im,die,emoji
scroll,ko,ako,day,come,across,classmat,mine,tiktok,look,cute,ridicul,clip,music,stuck,head,second,loop,foreverohhhh,reviv,internet,meme,cryptocurrencydogecoin,millionvideo,hashtag,dogecoin,hav,ban,employe,phone,cite,secur,risk,kyre,addison,video,love,it,democrat,governor,gerrymand,trump,rallies,cant,get,state,needs,top,repub,bum,choos,tiktokim,gonna,hype,child,like,rees,son,dont,shake,henchman,sniper,point,advisor,navarro,accus,american,ceo,puppet,work,chineseapp,ojiarf,legna,video,might,bit,strong,like,plain,suggest,version,latt,jsyt,read,hashtag,think,he,tlake,predebut,pici,repeat,repeat,jdjzkzkdk
felix,sunshin,know,what,go,check,rynn,video,dont,shy,drop,tiktokcheck,flipmode,video,fuck,chile
di,shit
presid,donald,trump,aid,peter,navarro,warn,strong,action,tiktokwechat,ban,wasnt,amazon,revers,leav,tech,world,wonder,wth,know,he,straight,tiktok,top,presid,donald,trump,aid,peter,navarro,warn,strong,action,tiktokwechat,draw,make,listen,asmr,yagami,yato,remov,enjoy,sunshin,know,what,go,screamed,kellyann,conway,antitrump,daughter,keep,troll,mom,wait,what,happen,im,current,stuck,bean,tiktokmayb,saw,post,sinc,charli,damelio,video,im,second,best,audio,found,make,video
other,afraid,get,caught,parents,family,teachers,fri,nathali,bergseng,hu,video,danger,advertis,tiktok,tiktok,webinar,minut,masterclass,busi,leader,mar,watch,appar,stan,so,post,first,time,ever,im,realli,nervou,delet,ittiktok,app,call,fundament,parasitic,spywar,reddit,ceo,like,view,broken,commun,worri,potenti,ban,like,view,broken,good,songfelix,know,what,go,tiktok,talk,vidcheck,video,liberalsnowstorm,video,late,track
video,black,as,household,im,fold,shit,first,day,out,mom,si,tho,read,lix,caption,like,forgotten,ohmygod,skz,everywheregrab,cia,make,cri,kilig,timei,use,mean,fairi,commentsi,need,know,much,fuck,slap,aesthet,song,heart,extrem,enjoy,make,this


felix,cur,partsooo,felix,know,what,go,wtf,mean,insan,guys,hell,possibl,articl,post,day,know,everythiiinggggggmi,daili,dose,happi,someon,tell,please,apa,gua,haru,bikin,proof,felix,freak,handsom,black,hairfre,follow,get,free,famou,iphoneandroid,via
uno,relat,issues
instal,subway,surfer,bc,tooepic,fail,manifestation
naya,come,home,aliv,safe,see,smile,again,reunit
realis,meant,whej,say,know,he,talk,abt,tiktoku,threaten,restrict,wechat,follow,backlash,think,ago,lemm,go,tiktokthi,dont,trust,kind,enforc,unbalanc,racist,give,acc,get,rid,fame,power,forc,worldfelix,drop,accounti,cant,stop,laugh,help,mean,felix,know,tiktoky,knowyo,tweet,offici,make,susosevi,danc,front,tiktokcheck,reef,shaw,video,cnn,headline,mom,backtrack,demand,employe,delet,read,here,startupindia,wanna,learn,it,get,kid,wtf
real,peopl,comment,liter,defend,smh,local,anoth,differ,kind,breedun,boy,ha,hecho,un,con,la,caption,big,what,make,anxiou,de,repent,ha,curado,la,ansiedad,wait,sec,realis,felix,know,turn,fult,guys,plea,weeekli,weibo,too,suggest,use,intern,one,bc,easy,sina,hastag,agdhshaja,felix,know,happen,emoji,tho,post,felix,know,ur,tiktok,insta,caption,realli,send,mehahahaha,he,probabl,youtub,think,saw,fbthe,video,girl,take,poctir,instal,group,stan,realli,app,stray,kid,txt,hsjdhsjsji,think,real,nefari,purpos,ruin,bunch,song,might,otherwis,casual,enjoy,oh,thought,one,crybabi,snowflak,video,song,seem,pretti,well,male,chara,plea,ok
know,bu,caus,tiktok,neemath,last,tagarw,get,felix,soonholysuffudidixkxkddj,updateif,dont,tiktok,check,cousin,todayil,final,see,boyfriend,today,month,quarantine,told,im,excit,tighti,lefti,loosy,man,jump,bass,pro,shop,fish,tank,follow,rachelmariale,video,ovechkin,ilya,kovalchuk,capit,player,take,part,awkward,look,tiktok,more,chan,other,stock,stay,twitter,felix,like,member,stock,stay,ti
naya,come,home,aliv,safe,see,smile,again,reunit,im,liter,watch,kol,el,video,de,masebtesh,waedi,miss,entri,user,ignewwieegod,eyesthi,whole,ban,situat,trust,issuescheck,narda,nadeau,video,elit,fuckingggg,upartist,underr,would,believ,say,hesh,followers,mean,look,reel,arriv,india,follow,tiktok,ban
govern,india,announc,umarm,gormusturim,curiou,felix,straight,second,well,one,liter,say,know,what,go,tiktok,somewhat,impress,documentedi,swear,comment,weirdamazon,ban,employees,phones,probabl,straight,top,trump,aid,warn,strong,action,tiktokwechat,addict,stop,stay,tune,end,bean,day,straight,bu,tiktokhowi,mandel,make,say,he,alright,cutest,thing,ever,flip,camera,homi,know,your,kidnappedcheck,mrodder,s,video,hamood,haji,video,anoth,vid,chine,guypleas,check,lauren,paley,ig,laurenpaley,laurenpaley,youtub,angel,voic,iv,ever,heardnvm,take,straight,away,def,look,like,boy,straight,dont,know,explain,im,rlli,socheck,amir,rimer,video,heard,someon,refer,wanna,girlfriend,song,nrsill,month,guess,need,start,humili,soon,like,drunk,sad,mom,go,hard,know,stori,come,from,egregi,vulner,number,worsti,cant,bother,youtube,tiktok,even,thistwitt,help,senpaii,wish,tiktik,instead,wouldv,much,funnieri,would,die,cute,woman,ask,babi,daddi,new,danceth,time,come
everi,night,week,well,announc,scholarship,winner,competitio,email,far,cri,new,mission,mar,video,cnet,guys,get,hate,phase,download,itcheck,patrick,burkett,video,steps,instal,tiktok,challenge,make,bv,go,viral,haunt,sechan,make,mi,first,vid
ps,know,im,good
know,what,go,rip,mariocheck,elys,spence,video,thought,id,see,day,see,video,love,adventur,like,guy,goe,across,countri,see,cru,wayfair,conspiraci,theori,least,unit,full,lunat,fringe,reddit,antimask,bri,post,go,check,outtiktok,explod,million,monthli,activ,user,global,quickli,becom,hotb,cultur,yara,yar,wooding,video,twt,felix,tiktok,jisung,jeongin,probabl,yt,changbi,ig,fb,tiktok,tumblr,stan,reallychan,basic,twitter,stay,felix,stay,check,nowthi,politics,video,felix,shi,put,safe,tiktok,data,collect,isnt,dissimilar,social,medium,apps,chine,parent,compani,bytedan,teenag,use,inflat,ticket,trump,rally,reserv,ticket,wouldnt,use,theyr,plea,ok
jrays,video,idk,who,is,brain,follow,get,free,famou,iphoneandroid,via,love,girlo,south,dublin,accent,lectur,buy,fast,fashion,xthe,comment,tiktokim,simpl,man,see,rem,likechai,lifeholi,shit,waitth,tagfelixsunshin,knw,what,go,tiktokwhahedjftgfcc,vjcj,nonononkvdjdjddmmggg,first,reel,shoot,support
want,die,follow,get,free,famou,iphoneandroid,via,best,thing,happen,mehe,includ,hashtagremind,audio,look,down,your,talk,power,gener,world,ever,matang,ke,beka,menteri,main,tiktok
cant,accept,statement,realiti,nowday,fuck,sake,im,still,synth,rat,thought,safebird,pretty,im,gald,get,ban,know,what,go,tiktok,fuck,stay,think,felix,know,happen,stay,felix,sunshin,know,what,go,tiktokman,jump,bass,pro,shop,fish,tank,follow,realli,feel,like,need,camera,bathroom,final,allow,leav,hous,katheleen,ruppel,polic,theft,video,app,bad,vibesi,love,singl,piec,take,hour,flop,get,interact,ap,ban,tiktok,dozen,chine,app,border,clashcheck,tristan,trimble,video,movi,legend


more


boy,say,everyon,gotta,get,data,left,behind,lolwhen,trump,figur,longer,firm,pay,ad,influenc,voters,vow,ban,all,hardest,question,youll,ever,answer
rn,ye
single
yes
sometimes
no
no
yea
make,exit,sign,love,you,wed,true,love,side,american,tiktok,sweet,tea,im,wait,ban,pointok,liat,ini,brother,strong,posit,person,know,he,tough,times,check,journ,fact,tweet,dont,alway,blow,like,absolut,criminali,miss,entri,user,ignewwie,what,turbul,enough,week,turn,downright,bizarr,make,realis,bello,back,look,like,geni
see,actual,get,ban,worldwid,ill,happy
commentari,youtub,make,origin,content,call,cook,masso,therapy,video,guy,fuck,get,it
scare,skz,lurk,stan,twt,tiktok,rememb,get,ask,know,tumblr,what,happen,stay,wait,felix,know,what,go,then,might,actual,know,bu,encount,stay,didnt,pay,price,pdtrs,badus,platform,caus,do,readi,say,like,thank,fan,get,trend,last,week,heel,viral,omg,bb,hahahaha,viral,sound,lmaowhen,clip,speak
via,tiktok,miya,video,loooool,know,photo,get,top,stori,one,daili,podcast
china,say,import,shrimp,sampl,test,posit,narda,nadeau,video,stay,kpop,tiktokfelix,gay,cosplay,recip,anim,video,danc,cover,jacob,sartoriu,tiktokfrom,friday,trivia,royal,get,download,week,week,retention,read,here
spoi,s,insight,rise,via,chine,search,googl,right,now,indian,timepass,ap,ban,must,secret,huawei,equip,go,tiktokoi,felix,at,bu,tiktok,mami,im,scare,even,make,fult,minut,kajxkxirkfifkd,bye,everyone,fu,shut,famor,time,stay,ate,skz,cakefre,follow,get,free,famou,iphoneandroid,via,post,go,check,out,look,like,he,robot,boy,danc,thingycheck,aki,video,expect,trump,administr,take,action,tiktok,wechat
late,trash,that,refer,toamazon,say,email,employe,ban,mistak,funniest,thing,saw,today,lmaosomeon,make,realis,bello,back,look,like,geni
see,onsleep,might,put,wanna,dive,realm,lauranc,tiktokwait,felix,realli,hope,hasnt,see,vid,liner,ship,jeonginthi,like,biew,actual,rip,marionavarro,expect,trump,administr,take,action,tiktok,wechat
download,that,true,knew,video,last,month,antis
tiktokthi,poor,dude,song,get,hijack,gross,daddi,pov,trend,tiktok,refus,even,post,clip,here,video
felix,still,straight,tiktokcheck,user,video,manag,watch,hour,instead,scienc,month,worth,work,realli,wouldnt,know,explain,year,old,self,beef,oat,bean,tiktoktrump,advisor,navarro,accus,tiktok,american,ceo,puppet,work,chine,app,girl,dont,play,idea,thing,tbh,sweet,tea,pl,come,back,social,look,make,witherspoon,proud,son,new,singl,danc,ontiktok,stan,hide,chan,stan,hide,felixcheck,juan,fuentes,video,gookoosh,video,noen,mf,eubank,one,unproblemat,men,histori,ye,alreadi,scream,mssi,like,ten,thousand,timesmanifestation
naya,come,home,aliv,safe,see,smile,again,reunit,edit,wtf,oeheisjeir,hahahaha,miss,unlock,tour,huhu,live,societi,everyon,tri,get,min,fame,end,make,hero,ordinary,thre,emerald,outlaw,video,much,like,watch,folks,video,check,ryan,maxwell,video,crack,juan,fuentes,video,rude,boyfriend,get,instead,wasnt,questionth,member,probabl,mock,felix,god,wish,could,see,adjsflsjdlhav,gang,move,doge,linkkey,point,here,chine,foreign,ministri,well,awar,target,audienc,tik,tok,happen,spici,straight,tiktok,goodnight,could,happen,congress,make,murder,legal,peopl,followerscheck,juan,fuentes,video,justin,sun,disclos,next,probabl,token,blossom,newslog,via,btcnew,io,get,second,xoxo,actual,vote,tiktokheck,yeah,hashtag,felix,use,know,what,go,hahahaha,digit,market,news,week,juli
topics,mmhmm,app,googl,buy,north,ban,zuckerb,follow,get,free,famou,iphoneandroid,via,prob,talk,abt,abt,bu,still,doe,nigga,scare,felix,w,caption,emoji
thread,check,kati,mary,video,shi,boi,drop,big,small,cute,as,panda,bear,fuck,ear,carrot,celeri,morn,man,im,fuck,rnjust,saw,someon,get,sugar,daddi,get,paid,day,talk,him,lord,ive,see,othersm,past,week,realli,want,yall,stop,get,relationship,goal,instagram,posts,love,requir,work,wo,kpop,guy,know,what,go,bird,beauti,barbz,actual,make,laugh
late,video
presid,donald,trump,aid,peter,navarro,warn,strong,action,tiktokwechat,there,vid,tiktoksomeon,make,realis,bello,back,look,like,geni
see,young,adults,bring,friendwait,hashtags,felix,know,what,go,tiktoklol,felt,this,fold,right,away,get,lazy,lazi,day,lol,check,ah,moi,view,video,mean,tweet,like,like,o,probabl,saw,thatcheck,bill,capri,s,video,friend,waitin,bitch,upload,smthing,ig,make,fun,herchan,watchin,twt
felix,watchin,tiktok
think,watchin,instagram,woman,would,ever,vote,dumpi,mystery,rapist,mob,whine,littl,live,societi,everyon,tri,get,min,fame,end,make,hero,ordinary
thr,know,what,go,tiktok,lit,ralli,luv,relev,coz,coz,nicki,chariti,wbk,final,cucip,group,great,time,class,today,even,end,bit,clean,danc,taekook,yoongi,hobi,thread,rt,stan,bg,gg,au,lisa,red,velvet,loona,kpop,blackpink,jungkook,exo,izon,skz,n,video,realli,disappoint,vers,song,straight,fire,rest,song,straight,garbage,felix,jusi,drop,sumn,ig,say,saw,video,hahahaomg,think,saw,make,hastag,instagram,know,what,goin,peopl,almost,she,gonna,ignor,is,cultur,cultur,finest,taylor,tucker,video,wanna,add,use,hashtag,yall,final,get,straight,tik,tok,side,use,boku,pico,rightttt,ekkek,saw,also,spend,hour,tiktok
navarro,expect,trump,administr,take,action,tiktok,wechat
naya,come,home,aliv,safe,see,smile,again,reunit,itsangerismarie,let,take,last,look,aesthet,gone,keep,glitch,im,app,like,add,peopl,followingfelix,know,what,go,person,use,social,medium,app,post,video,pic,without,privaci,get,victoria,hammett,video,let,greed,ruin,them
let,greed,ruin
youtub,irrelev
bett,watch,funni,asf,treasure
felix,know,what,go,tiktok,anyon,el,super,excit,new,phinea,ferb,movie,talk,girl,scream,chine,thinspo,ur,kill,itkpop,genuin,unfunni,use,dri,as,jokes
navarro,expect,trump,administr,take,action,tiktok,wechat,backtrack,demand,employe,delet,would,take,bu,see,himimma,gonna,use,emoji,like,forever
im,teachingi,tri,tell,mag,tuon,eye,ban,everyth,need,know
lmfao,found,tweet,felix,ur,read,plz,drop,account,chan,ur,read,wind,aint,jack,co,watch,start,tiktok,benji,jey,jey,everyon,om,straight,thoinstagram,reel,launch,new,tiktok,via,account,hashtag,emoji,imagin,felix,throw,back,anyon,wonder,from
good,someon,account,skip,jihyo,post,wednesday,please,steveo,spirals,video,feel,gonna,thing,kinda,like,chill,vibe,djksksksk,wer,gonna,anoth,challenge
actual,introvertednavarro,expect,trump,administr,take,action,tiktok,wechat
download,alina,video,twitter,bangchan,felix
what,goin,skz,aussi,line,tryin,spy,mean
chan,watch,twitter
felix,watch,watch,whole,as,thing,go,stan,twt,felix,watch,tiktok,minho,say,know,thing,frame,here,differ,domest,app,term,privaci,except,fact,byte,tiktok,hopelottmantiktok,user,fear,app,shutdown,secur,concern,grow,snapchat,news,feed,full,relationship,drama,idgaf,kid,doingim,lovee,mear
eboy,disgust,smelli,bad,attitud,mean,narcissist,toxic
eboy,yoongi,good,boy,ban,stuff,china,trump,ivanka,get,brand,crappi,stuff,madehumorcheck,laisha,video,go,swear,would,never,listen,gec,outsid,like,week,major,anxieti,half,million,peopl,saw,tiktoknavarro,expect,trump,administr,take,action,tiktok,wechat
download,wait,sound,selalu,yang,utama,love,litl,boy,accompani,smart,dog,play,get,ride,brittanyallenatx,video,goddess,mia,video,hate,tiktok,much,lmfaoooo,see,see,name,keith,btw,check,igyall
felix,know,what,go,tiktokcheck,flipmode,video,post,tiktok,trap,secur,concern,countries,publish,ewowit,still,think,number,true,umm,ok,would,say,know,kalei,da,hottiefam,girl,igcheck,alix,grimm,video,mayb,thing,felix,refer,old,classmat,talk,abt,check,indigen,zane,video,secret,stan,twitter,account
felix,secret,account
okay,aussi,line,okay,clown
naya,come,home,aliv,safe,see,smile,again,reunit
naya,come,home,aliv,safe,see,smile,again,reunit,yass,spill,wasnt,song,wouldnt,even,top,top,trump,aid,warn,strong,action,tiktokwechat,no,your,interest,learn,disingenu,full,yo,derrick,shupe,video,find,straight,dude,attract,felix,know,what,go,tiktok,abort,mission,abort,sandra,thomas,video,final,see,boyfriend,today,month,quarantine,told,im,excit,thread,favourit,video,someth,bookmark,enjoy,cops,get,shot,eyebal,protesting,disgusting
ohhhhh,tiktok,app,also,encourag,young,girl,make,provac,vids,mention,name,yr,old,ur,thing,tiktokof,course,view,tiktokwhit,men,tl,disgustingu,threaten,restrict,wechat,follow,backlash,fuck,people,fckn,sick,sosmed,noth,do,move,tiktokso,felix,knows,happen,hskdkkppp,felix,dont,shi,drop,unnam,imma,go,activ,oni,love,watch,cring,one,small,busi,video,transform,room,basement,gonna,go,insta,swear,true,social,experiment,shit,get,like,miss,person,tweet,get,likes,shit,ad,upi,saw,lix,post,mention,hashtag,know,what,go,tiktok,would,tho,aym,curiou,presid,donald,trump,peter,navarro,warn,drastic,action,andwechat,someon,el,go,school,found,tiktokf,quick,tour,new,social,distanc,bar,plu,bonu,clubhous,little,weve,get,tha,somehow,end,deep,ive,never,scaredwhoaaaaa,make,happyy,omg,liter,drool,hood,min,tiktokme,dont,repli,comment,theyr,argument,bait
also,me,take,ignor,us,need,mean,felix,know,what,go,love,see,bombshel,worker,fyp,give,serotoninmiss,buddi,alix,grimm,video,love,felix,unapologet,millennial,memor,dances,learn,cook,duri,teen,hot,trend,transform,home,love,girl,tik,tok,toe,know,what,go,on,tiktokyall
felix,know,what,go,tiktok
mr,presid,emerg

ban,pump,new,coin,miss,out,flood,feed,much,art,comedi,singl,famou,cant,danc,tween,lee,video,dnc,rnc,ask,campaign,staff,refrain,use,person,devic,doni,osullivanc,chokedcheck,s,video,final,win,ur,nice,person,love,talk,gc,lot,girlie,saw,ur,snapchat,ur,cute,love,alright,time,block,creatoramerica,todaywait,still,playstore
miss,out,word,bimbo,regard,men,idk,use,thoguy,qualiti,like,follow,get,free,famou,iphoneandroid,via,tech,al,utility,tiktok,youtube,influencer,signal,appl,arm,miss,ou,twitter,stays,felix,stay,hyunjin,insta,stays,blame,person,actions,think,logically,give,platform,nobodi,miss,unfortun,young,kid,becom,addict,creat,problem,attent,span,tiktok,app,do,anyth,el,really,idk,explainimpress,anna,mcnulti
year,old,cheerleader
weirdo,flourish,pov,realli,sourc,entertain,also,concerni,dont,acc,download,app,scroll,cheek,hurt,laugh,much,oh,godtiktok,eboy,disgust,smelli,bad,attitud,mean,narcissist,toxic
eboy,yoongi,good,boy,actual,hell,wrong,country,say,im,piss,understatement
expect,trump,administr,take,action,tiktok,wechat
download,sunshin,know,what,go,yall,tell,felix,know,what,go,tiktok,knew,go,crazi,toward,bu,pi,talkradio,promot,advertisements,that,interesting,julianavarro,expect,trump,administr,take,action,tiktok,wechat,via,saw,lix,post,mention,hashtag,know,what,go,tiktok
would,tho,im,curiou,anoth,one,shot,protesting,let,shut,up
bring,wife,daughter,go,shop,also,never,tell,price,check,s,video,saw,say,hors,porn,exist,decid,search,upwbsjssjtoothless,threats,even,toothless,sorri,appl,users,jail,broken,android,apk,files,hen,birthday,one,favorit,girls,thank,constant,love,support,mex,dates,bibl,stud,follow,get,free,famou,iphoneandroid,via,ive,use,ever,sinc,download,tiktokcheck,gunniez,video,godim,gonna,cri,diamond,earring,mdrrrrrrr
felix,sunshin,know,what,go,tiktok,arrest,killer,breonna,taylor,meme,songs,yall,least,pretend,care,a
minha,fy,tiktok,ohhhhh,cant,stop,singing,make,stop,make,stop,realli,hope,one,day,instead,worri,tiktok,north,america,eur,def,make,money,popular,rice,anyth,hous,live,check,pittellilikeitis,video,home,becom,joke,ive,sinc,server,error,total,disappoint,indian,govern,server,technic,error,want,live,wallpap,work,background,eat,batteri,life,omgggggg,idea,video,overus,theme,action,fandom,wanna,make,yt,vid,app,virtual,viru,social,medium,app,absolut,weirdo,felix,knew,tiktok,god,cur,ew,thing,iv,laid,eye,week,warningappl,suddenli,catch,secretli,spi,million,iphon,users
hey,girl,saw,ur,tweet,lot,peopl,nude,tiktok,would,mind,send,please,thank,u,warningappl,suddenli,catch,secretli,spi,million,iphon,fargo,direct,employe,remov,compani,mobil,devic,via,ban,alreadi,im,glad,dont,tiktokpost,guess,watch,theyr,help,except,mine,isnt,work,idkanoth,shot,reason
know,what,go,year,old,gen,zr,regist,mess,you,wake,up,warningappl,suddenli,catch,secretli,spi,million,iphon,users
miss,god,clean,pas,fyp,keep,see,straight,america,moment,actual,cancel,disgust,peopl,like,him,yall,focu,madison,beer,surgeri,enough,felix,frickin,tell,accountcheck,mag,video
everyon,drink,milk
saw,girl,say,eat,cereal,yogurt,guy,want,keep,socials
insta,sadboytoast
tiktoksadboytoast
instagra,jisung,multistan,account,retweet,rest,member,tweet,ask,music,sugg,crush,check,singl,featur,on
power,unsign,hype
come,soon
take,away,chair
tiktok,yoonjivers,recent,exampl,way,use,clipboard,data,cli,cake,miss,out,rise,tiktok,wildli,popular,videoshar,app,tie,china,busi,insid,hate,peopl,watch,public,full,blast,theyr,right,besid,earphon,like,besh,im,tryn,elys,spence,video,tech,cold,war,hot,sinoamerican,tech,split,expect,trump,administr,take,action,tiktok,wechat
download,dances,stay,cover,danc,edit,sumn,occasion,pov,he,also,probabl,rabbi,ytthose,magdalena,bay,song,mashup,worldly,love,like,love,song,mashup,sunshin,know,go,tiktokfelix,know,what,go,jonathan,anderson,fashion,future,harri,style,drive,stop,grab,info,users,clipboards,report,say,cnet,mt,flipmode,video,one,person,say,want,look,like,me,hope,sensibl,peopl,earth
medium,focu,dimwits
far,tell,post,dm,earli,version,guy,meme,de,ser,uma,porcaria,ainda,espiona,rouba,dados
warningappl,suddenli,catch,secretli,spi,mill,he,definit,straight,mi,boyfriend,didnt,respond,sent,past,days,guess,who,singletiktok,ban,would,begin,chiniz,usrt,stan,kpop,anitwt,exo,nct,ateez,agust,trump,look,moot,rtlike,promo,repli,gc,gain,mutual,bt,vav,threaten,restrict,wechat,follow,backlash,via,rita,liao,use,tiktokto,peopl,hate,repeat,gen,thingh,know,what,go,like,refer,there,mani,sjxjsnnebdhdwym,dont,know,danc,lol,dancei,mean,ez,frthe,rate,copied,gather,sent,datapassword,remot,server,chinafelix,reassur,he,ok,thank,check,steven,jackson,video,watch,clip,son,hundr,times,cannot,stop,laughing,akah,gray,video,like,subscrib,channel,youtub
facebook,twitter,instagram,never,understand,anyon,attract,men,let,alon,guy,tiktok,anyways,thank,servic,breedersomg,yall,definit,rt,peopl,see,de,clean,it,worth,promise,get,use,guy,love,lix,dont,shi,drop,usernam,rightt,ofc,like,tanni,come,lol
btw,hate,ig
neve,liat,ban,chine,appswebsit,basi,secur,reciprocity,knowswhat,goingontiktok
thank,god,get,bannedguy,runnnnnnnnstop,dont,like,side,yeah,ill,back,delet,tiktok,year,old,old,ed,twt,go,tiktokcheck,sultan,ul,ashiqeentv,video,late,updat
mag,video,haha,see,priest,one,sent,tiktok,fuck,hate,sm,see,comment,didntbecaus,internet,told,lmaoooo,plea,shut,fuck,hahahahahahha
go,now,go,dan,tell,knew,go,tiktok,confirm,everyone,lindi,finlay,video,name,accountdamn,im,glad,survivedi,realli,concern,music,tast,rntiktok,need,introduc,gecspet,navarro,hint,trump,take,strong,action,tiktok,he,just,get,started,via,understand,peopl,get,make,fun,her,best,make,fun,strai,rajine,lal,video,evil,men,block,call,delet,comment,left,mani,cheap,act,china,intern,commun,laws
captur,intl,littl,get,week,start
follow,get,free,famou,iphoneandroid,via,say,he,consid,ban,us,bloomberg,miss,out,fargo,tell,employe,uninstal,amazon,revers,ban,mashableliter,valid,content,creator,pakistan,tie,dye,guy,peopl,deadass,bulli,app,im,sadbuy,content,give,good,deals,lisa,mullen,owen,video,guys,didnt,say,what,go,fuck,say,felix,know,what,fo,bitchhhhhhadulto,ney,dont,go,tiktokfre,follow,get,free,famou,iphoneandroid,via,thought,danc,easy,difficult,dalla,says,deform,swear,he,one,bake,account,tiktokcan,actual,cancel,disgust,peopl,like,him,yall,focu,madison,beer,plastic,ban,wasnt,amazon,revers,leav,tech,world,wonder,wth,via,play,tho,icb,heri,search,guy,oovoo,javer,meme,im,traumatized,fuck,whoever,write,comment,peopl,get,away,anyth,tiktoktop,presid,donald,trump,aid,peter,navarro,warn,strong,action,tiktokwechat,expect,trump,administr,take,action,tiktok,wechat
download,there,video,includ,khalid,toxic,men,ya,okay,fults,gotta,hide,hahahahadisappoint,day,use,colour,filter,find,eye,grey,blue,ripamazon,say,email,employe,ban,mistak,advisor,navarro,call,ceo,kevin,mayer,americanpuppet,like,voiceth,digit,digest,back,pile,interest,tech,news,includ,mess,facial,recognition,tegan,reed,video,bet,felix,usernam,someth,felix,sunshin,def,know,bu,oneyo,tri,shit,fuckin,dope,immedi,im,pretti,sure,one,thing,say,tiktokguy,make,post,longcheck,anni,video,ur,nice,person,love,convo,like,talk,books,love,take,gc,hairdress,ask,straight,the,lml
what,go,aight,fair,enough,tf,get,fame,from,first,post,get,mill,vi,privat,twitter,unact,tiktokcurrentlytiktok,realli,chang,dem,kidscan,go,back,play,everywher,timber,make,everyon,danc,like,tomorrow,check,greatbritishmemes,video,mum,ad,im,send,stuff,fix,fyp,cu,she,local,straight,emoji,im,gonna,leav,girl,ik,found,plea,keep,lowkey,el,nasti,as,btche,everyth,shut,delet,app,even,becam,think,ban,go,stop,them,trump,theyll,jump,anoth,platform,ki,tabitha,brown,video,dumb,tiktoki,somehow,end,bassoon,tiktok,spent,hour,there,pl,cute,say,she,ab,poundscheck,mindless,video,im,scare,stay,crazi,open,days
new,messages
me,hous,trade,advisor,peter,navarro,say,sunday,expect,presid,trump,act,firmli,you,fumnanya,ekhator
stop,cur,andi,beshear,wear,damn,mask,curse,stop,use,chileshould,boulder,day
ever,watch,anim,recign,sound,ost,youv,see,meme,miss,lilsmart,video,so,mad,like,avani,caus,alt,peopl,make,fun,straight,tiktokfuck,weirdo,mani,dream,boy,roll,basil,beer,cigarette,fuck,much,walk,aro,instagram,whatsapp,tiktokfelix,know,go,suppos,is,spot,on,like,antholog,mask,refusers,total,understand,issue,dissociadid,noth,respect,usernam,app,say,bio
discord
instagram,xxmidnight,dont,want,tag,anyon,there,one,tall,green,man
cr,analcruis,tiktok,truuuuump,suddenli,want,instal,attempt,recreat,hahahah,tri,girl
song,trend,appl,music,cyber,secur,today,watch,smartwatch,trackers,warn,etoro,wi,pompeo,us,may,ban,tiktok,chine,social,medium,app,via,lix,mean,know,what,go,tiktoktruth
ever,watch,anim,recogn,sound,ost,youv,see,memehey,guys,plsfollow,felix,know,what,go,check,liverpool,s,video,spong,bob,dont,take,drug,god,sake,anna,mcnulti
year,old,cheerleader
naya,come,home,aliv,safe,see,smile,again,reunit,saw,trend,tiktok,swear,god,ill,stop,go,rave,peopl,danc,danc,there,popular,hit,different,mean,liter,never,hit,ye,boy,hot,check,torus,mikos,video,know,what,go,felix,sunshin,felix,tiktoki,stop,watch,get,fyp,couplesfelix,sunshin,know,what,go,piensogood,morn,thank,mama,babi,onlyfelixsunshin,know,what,go,jump,bass,pro,shop,fish,tank,follow,news,tiktok,amazon,say,email,ask,staff,remov,app,sent,error
lamborghini,border,wall,texa,crowd,fund,show,sign,erosion,say,say,wow,mom,go,realli,danc,someon,take,awaystop,felix,expo,secret,guiggguvi,im,alreadi,witch,tiktokwait,actual,gonna,shut,bc,life,tiktoknavarro,expect,trump,administr,take,action,tiktok,wechat
download,ive,practicing,felix,enigma,bc,learn,choreo,group,danc,he,best,friend,idols,go,tiktok,dont,use,oftentiktok,app,call,fundament,parasitic,spywar,reddit,ceo,your,nice,person,love,chat,gc,much,relat,glad,wait,realli,read,caption,ksjdndksk,know,what,go,tiktok,theyr,ive,see,link,tiktok,pl,dont,let,rich,armi,anti,see,wont,take,aga,ugh,miss,old,tiktoklmfao,vine,best,app,music,exist,ye,og,magcon,stan,look,like,fkg,bot,lol,star,kinda,vibe,get,tri,suit,mom,get
me,get,mewhat,wrong,yall,video,million,view,popular,platform,makeup,video,ninu,felix,know,go,tiktokmagaland,log,predict,big,crowd,ralli,cancel,reelect,im,sorri,didnt,mean,ban,tiktokfre,follow,get,free,famou,iphoneandroid,via,vi,vid,app,crypto,tiktok
use,alreadi,loooov,it
follow,get,free,famou,iphoneandroid,via,againnnn,aaaaaa,labyuuu,oh,fuckban,everyth,come,china,navarro,expect,trump,administr,take,action,tiktok,found,anoth,pretti,boy,check,nbak,video,ami,xx,saw,girl,wear,necklac,vial,blood,vial,uh,boyfriend,child,vialcheck,colin,wayne,video,content,youv,dyinggg,for
discus,talk,podcast,tik,im,gonna,make,vid,ahaha,sorry,ban,use,spend,rmb,marri,chine,wife,etc
feel,glori,bein,th,chan,stan,twt
th,felix,stan,acc,old,ugh,yesthink,act,like,yoshiko,start,career,noth,else,even,sacrific,shame,user,simpfordejun,feel,notic,felix,lee,dirtyharry,video,canadian,act,want,keep,pl,boy,band,theyr,small,post,pretend,love,anoth,member,bandcheck,bobmenerytv,video,probabl,mani,draft,amazon,make,employe,delet,phones,cite,secur,risk,wonder,celebr,post,friend,yeah,felix,know,what,go,tiktoki,content,youv,dyinggg,for
discus,talk,podcast,tik,nick,battle,video,revers,demand,employe,delet,compani,mobil,devices,shock,turnabout,dict,trump,aid,warn,strong,action,tiktokwechat,guess,im,play,date,straight,let,straggot,get,fyp,felix,sunshin
know,what
go,well,least,girl,school,stop,annoy,yell,renigad,daym,realiz,chan,felix,activ,stalk,twt,govern,warn,social,medium,manipul,face,backlash
million,belinda,barnet,swinburn,univers,technology,say,beyond,doubt,chine,co,love,cosplay,asra,realli,dishearten,that,charact,peopl,care,see,me
pov,friend,told,stay,away,ex,bf,forc,transfer,th,found,ur,account,aint,slick,bro,tumblr,much,yall,wanna,bet,one,confus,mefelix,know,bu,im,know,sayhow,gonna,say
ruel,talented,stan,boy,noth,like,bbg,stop,get,helpim,cri,lmfaoo,realli,say,know,what,go,tiktokcheck,beccahrosalie,video,felix,sunshine,knows,whats,going,on,someon,comment,one,post,say,lie,turn,well,one,group,genna,either,need,learn,something,wrong,whe,follow,get,free,famou,iphoneandroid,via,nice,post,waydo,peopl,look,find,remot,cringeworthy,find,imposs,want,side,on,there,one,wrong,answerin,everyon,crush,guy,name,brought,everywher,cu,name,backpack,litti,vanilli,want,see,make,ctown,black,train,kit,steve,woodcock,monday,mikichan,cute,also,beauti,things
never,post,againlov,make,content,myburgerlab,offer,fulltim,job,epf,socso,benefits,check,soni,bhai,video,me,plant,tiktokamazon,told,employe,delet,phone,walk,back,polici,say,error,twitter,could,learn,thing,two,kid,tiktok
boy,band,pretend,love,band,member,tiktokwhat,wtf,ito,nga,yun,slsjslj,felix,saw,like,abt,omg,appar,but,dont,receipts,li,long,aint,facebook,cuz,fb,stay,wild,mancheck,joe,forsyth,video,holi,let,see,ur,first,vid,thendont,miss,out,gain,almost,follow,video,im,screaming,im,say,boy,repost,get,hella,like,view,clout,shock,user,reveal,age,viral,video
shut,girlthi,week,recap
disappear,naya,rivera
coronaviru,reach,yemen
ladi,antebellum,su,ladi
po,mina,night,record,song,like,thisso,cutebett,leav,twitter,guess,get,turn,comment,section,ignor,us,trump,aid,warn,strong,action,tiktokwechat,somehow,make,way,french,tiktoksana,may,good,morn,im,breakfast,knowledg,lunchpresid,trump,ban,could,result,unexpect,consequ,garden,parti,look,featur,our,white,ruch,crop,top,skirt,coord,blue,white,floral,mesh,ruch,drop,usernam,quaranquiz,happen,tomorrow,exactli,am,competit,essay,writing,clickit,ar,rnc,warn,campaign,use
sultan,ul,ashiqeentv,video,time,delet,tiktok,guid,rumor,real,privaci,risks,cadence,video,bit,confus,time,socialist,dtop,trump,aid,warn,strong,action,tiktokwechat,someon,destroy,straight,boy,felix,secret,acc,chan,twt,accbtw,subscrib,undervib,yt,me,yk,write,name,song,want,attentionok,tq,use,dont,need,anymor,expect,trump,administr,take,action,tiktokwechat,addictslif,deserve,get,video,long,before,chicken,jst,food,live,creature,make,tiktok,next,stop,facebook,hate,creat,account,istg,phone,full,app,rela,favorit,pastime,argu,peopl,whether,jfk,good,presidentwhat,wrong,friend,laugh,use,strang,need,job,plea
tatonka,video,cynical,people,everyth,faction,struggle,actual,fact,incidental,either,happeningstray,kid,bt,exo,moot,mot,gain,mutual,edit,youtub,nct,charli,lil,huddi,giveaway,gc,fancam,au,cecilia,mae,video,content,youv,dyinggg,for
discus,talk,podcast,tik,what,go,video,view,expect,trump,administr,take,action,tiktok,wechat
download,wanna,challeng,new,track,let,this,whoever,make,dopest,ill,give,conspiraci,theori,thrive,anew,era,still,feel,like,delet,even,tho,dont,post,dont,want,know,look,like,dunno,liter,instal,cuz,everybodi,say,useful,yeah,graduat,alreadi,cuz,there,ripwel,philippineshav,see,deliver,deliver,deliiiiiiv,tt,sing,start,rain,badli,hate,herenavarro,expect,trump,administr,take,action,tiktok,wechat
gonna,tell,emmwe,person,cant,go,johnathan,todayanalysis,realiti,tiktok,threat,far,mundan,particularli,unique,expert,say,felix,sunshine,knows,whats,going,on,tiktokjust,puppet
trump,advisor,navarro,accus,american,ceo,know,what,go,mayb,time,recreat,photo,dd,isnt,video,delet,bc,peopl,crazi,timeswhat,amaz,support,programa,great,gift,mewgulf,birthday,celebrationcant,wait,join,itthank,sing,loop,hour,solid,giant,ask,employe,remov,devic,erron,message
plea,unknow,everyth,ban,alreadythat,one,girl,who,alway,like,complet,take,fypthi,minut,clip,post,youtubeeven,tho,honor,freddi,mercuri,bonoi,one,log,onto,see,this,wish,could,dress,like,rnc,warn,campaign,use,stats
video
video,view,million
like
follow,million
check,what,last,sign,remind,one,guy,who,take,shirt,like,sec,ppl,make,challeng,like,toilet,roll,regular,household,object,cut,expect,trump,administr,take,action,tiktok,wechat
felix,instagram,wrote
sorri,upload,photo,late,still,show,plea,look,forward,caption,say,all,loovana,layag
know,much,kio,cute,tho,navarro,expect,trump,administr,take,action,tiktok,wechat
download,jess,lynn,video,fine,thanks,you,yes,turn,enjoy,dance,cute,guy,need,remov,feed,daili,app
ban,india,make,shit,throw,onto,text,toolh,saw,busmayb,ban,tiktokanyon,el,stuck,synth,rat,tiktokth,last,dude,suit,yo,check,kati,larimore,video,alway,stan,twt,felix,appar,lurk,highli,twt,too,hyunjin,vlive,think,und,moo,read
back,like,video,dumb,hell,need,dont,knw,wht,hell,talk,bout,dnt,ever,disrespect,like,saw,mani,ahhhth,one,thing,trump,right
ban,tiktokcheck,kindershenanigans,video,kyla,video,wow,crazi,plea,check,out,actoractress,twenti,twenti,acc,too,son,bohyun,someon,need,post,therehi,daughter,told,give,list,favorit,stars,includ,addison,rae,dixi,da,list
check,emili,christman,video,live,tiktok,want,get,it,share,video,duet,up








releas,info,liveconcert,need,download,too,nahhad,theori,test,today,brain,decid,go,remind,everi,song,could
fail,theor,go,far,share,parent,person,inform,spoil,must,be,support,afraid,thing,dear,ye,afraid,everythingdo,mean,saw,oh,godhumorcheck,youstlondon,video,wow,china,becom,mous,allow,free,use,google,facebook,what,app,social,medium,site,send,hi,atiralumenalumenarock,entri,win,sign,cd,lo,love,guys
could,help,tik,tok,out,would,extrem,appreciated
felix,say,know,happen,use,sso,there,actual,possibl,felix,see,chan,slogan,great,alway,cri,felix,hourswhi,witch,lmaomi,fur,kid,save,too
